1,Alice,Smith,"123 Maple St, Grand Rapids, USA",$2b$12$pGi6IFbRjKLbsxc7DZD3ueeo5zcGc2sr5gFqVzojYIv3BnlSLLbAO,admin,1
2,Bob,Johnson,"456 Oak Ave, Grand Rapids, USA",$2b$12$pGi6IFbRjKLbsxc7DZD3ueeo5zcGc2sr5gFqVzojYIv3BnlSLLbAO,regular,2
3,Charlie,Brown,"789 Pine Rd, Nashville, USA",$2b$12$pGi6IFbRjKLbsxc7DZD3ueeo5zcGc2sr5gFqVzojYIv3BnlSLLbAO,regular,3
4,Diana,Prince,"321 Elm St, Nashville, USA",$2b$12$pGi6IFbRjKLbsxc7DZD3ueeo5zcGc2sr5gFqVzojYIv3BnlSLLbAO,regular,4
5,Edward,Norton,"654 Birch Ln, Fox Creek, CAN",$2b$12$pGi6IFbRjKLbsxc7DZD3ueeo5zcGc2sr5gFqVzojYIv3BnlSLLbAO,regular,5
6,Fiona,Gallagher,"987 Cedar Dr, Shreveport, USA",$2b$12$pGi6IFbRjKLbsxc7DZD3ueeo5zcGc2sr5gFqVzojYIv3BnlSLLbAO,regular,6
7,George,Miller,"159 Spruce Ct, Fort Lauderdale, USA",$2b$12$pGi6IFbRjKLbsxc7DZD3ueeo5zcGc2sr5gFqVzojYIv3BnlSLLbAO,regular,7
8,Hannah,Abbott,"753 Willow Way, Grand Rapids, USA",$2b$12$pGi6IFbRjKLbsxc7DZD3ueeo5zcGc2sr5gFqVzojYIv3BnlSLLbAO,regular,8
9,Ian,Wright,"852 Aspen Blvd, Grand Rapids, USA",$2b$12$pGi6IFbRjKLbsxc7DZD3ueeo5zcGc2sr5gFqVzojYIv3BnlSLLbAO,regular,1
10,William,Smith,509 Miami Way,$2b$12$pGi6IFbRjKLbsxc7DZD3ueeo5zcGc2sr5gFqVzojYIv3BnlSLLbAO,regular,10
11,Linda,Perez,510 Grand Rapids Way,$2b$12$pGi6IFbRjKLbsxc7DZD3ueeo5zcGc2sr5gFqVzojYIv3BnlSLLbAO,regular,11
12,James,Johnson,511 Nashville Way,$2b$12$pGi6IFbRjKLbsxc7DZD3ueeo5zcGc2sr5gFqVzojYIv3BnlSLLbAO,regular,12
13,Elizabeth,Williams,512 Fox Creek Way,$2b$12$pGi6IFbRjKLbsxc7DZD3ueeo5zcGc2sr5gFqVzojYIv3BnlSLLbAO,regular,13
14,Richard,Brown,513 Shreveport Way,$2b$12$pGi6IFbRjKLbsxc7DZD3ueeo5zcGc2sr5gFqVzojYIv3BnlSLLbAO,regular,14
15,Barbara,Jones,514 Fort Lauderdale Way,$2b$12$pGi6IFbRjKLbsxc7DZD3ueeo5zcGc2sr5gFqVzojYIv3BnlSLLbAO,regular,15
16,Joseph,Garcia,515 Toronto Way,$2b$12$pGi6IFbRjKLbsxc7DZD3ueeo5zcGc2sr5gFqVzojYIv3BnlSLLbAO,regular,16
17,Susan,Miller,516 Vancouver Way,$2b$12$pGi6IFbRjKLbsxc7DZD3ueeo5zcGc2sr5gFqVzojYIv3BnlSLLbAO,regular,17
18,Thomas,Davis,517 New York Way,$2b$12$pGi6IFbRjKLbsxc7DZD3ueeo5zcGc2sr5gFqVzojYIv3BnlSLLbAO,regular,18
19,Jessica,Rodriguez,518 Chicago Way,$2b$12$pGi6IFbRjKLbsxc7DZD3ueeo5zcGc2sr5gFqVzojYIv3BnlSLLbAO,regular,19
20,Christopher,Martinez,519 Miami Way,$2b$12$pGi6IFbRjKLbsxc7DZD3ueeo5zcGc2sr5gFqVzojYIv3BnlSLLbAO,regular,20
21,Sarah,Hernandez,520 Grand Rapids Way,$2b$12$pGi6IFbRjKLbsxc7DZD3ueeo5zcGc2sr5gFqVzojYIv3BnlSLLbAO,regular,21
22,Charles,Lopez,521 Nashville Way,$2b$12$pGi6IFbRjKLbsxc7DZD3ueeo5zcGc2sr5gFqVzojYIv3BnlSLLbAO,regular,22
23,Karen,Gonzalez,522 Fox Creek Way,$2b$12$pGi6IFbRjKLbsxc7DZD3ueeo5zcGc2sr5gFqVzojYIv3BnlSLLbAO,regular,23
24,Matthew,Wilson,523 Shreveport Way,$2b$12$pGi6IFbRjKLbsxc7DZD3ueeo5zcGc2sr5gFqVzojYIv3BnlSLLbAO,regular,24
25,Nancy,Anderson,524 Fort Lauderdale Way,$2b$12$pGi6IFbRjKLbsxc7DZD3ueeo5zcGc2sr5gFqVzojYIv3BnlSLLbAO,regular,25
26,Anthony,Thomas,525 Toronto Way,$2b$12$pGi6IFbRjKLbsxc7DZD3ueeo5zcGc2sr5gFqVzojYIv3BnlSLLbAO,regular,26
27,Lisa,Taylor,526 Vancouver Way,$2b$12$pGi6IFbRjKLbsxc7DZD3ueeo5zcGc2sr5gFqVzojYIv3BnlSLLbAO,regular,27
28,Mark,Moore,527 New York Way,$2b$12$pGi6IFbRjKLbsxc7DZD3ueeo5zcGc2sr5gFqVzojYIv3BnlSLLbAO,regular,28
29,Betty,Jackson,528 Chicago Way,$2b$12$pGi6IFbRjKLbsxc7DZD3ueeo5zcGc2sr5gFqVzojYIv3BnlSLLbAO,regular,29
30,Donald,Martin,529 Miami Way,$2b$12$pGi6IFbRjKLbsxc7DZD3ueeo5zcGc2sr5gFqVzojYIv3BnlSLLbAO,regular,30
31,Margaret,Lee,530 Grand Rapids Way,$2b$12$pGi6IFbRjKLbsxc7DZD3ueeo5zcGc2sr5gFqVzojYIv3BnlSLLbAO,regular,31
32,Steven,Perez,531 Nashville Way,$2b$12$pGi6IFbRjKLbsxc7DZD3ueeo5zcGc2sr5gFqVzojYIv3BnlSLLbAO,regular,32
33,Sandra,Thompson,532 Fox Creek Way,$2b$12$pGi6IFbRjKLbsxc7DZD3ueeo5zcGc2sr5gFqVzojYIv3BnlSLLbAO,regular,33
34,Paul,White,533 Shreveport Way,$2b$12$pGi6IFbRjKLbsxc7DZD3ueeo5zcGc2sr5gFqVzojYIv3BnlSLLbAO,regular,34
35,Ashley,Harris,534 Fort Lauderdale Way,$2b$12$pGi6IFbRjKLbsxc7DZD3ueeo5zcGc2sr5gFqVzojYIv3BnlSLLbAO,regular,35
36,Andrew,Sanchez,535 Toronto Way,$2b$12$pGi6IFbRjKLbsxc7DZD3ueeo5zcGc2sr5gFqVzojYIv3BnlSLLbAO,regular,36
37,Dorothy,Clark,536 Vancouver Way,$2b$12$pGi6IFbRjKLbsxc7DZD3ueeo5zcGc2sr5gFqVzojYIv3BnlSLLbAO,regular,37
38,Joshua,Ramirez,537 New York Way,$2b$12$pGi6IFbRjKLbsxc7DZD3ueeo5zcGc2sr5gFqVzojYIv3BnlSLLbAO,regular,38
39,Kimberly,Lewis,538 Chicago Way,$2b$12$pGi6IFbRjKLbsxc7DZD3ueeo5zcGc2sr5gFqVzojYIv3BnlSLLbAO,regular,39
40,Kenneth,Robinson,539 Miami Way,$2b$12$pGi6IFbRjKLbsxc7DZD3ueeo5zcGc2sr5gFqVzojYIv3BnlSLLbAO,regular,40
41,Maria,Gonzalez,508 Chicago Way,$2b$12$pGi6IFbRjKLbsxc7DZD3ueeo5zcGc2sr5gFqVzojYIv3BnlSLLbAO,regular,9
