1,riverside@lumina.com
2,garden@verdant.com
3,boutique@velo.com
4,express@velo.com
5,peak@azure.ca
6,irongate@aveiron.com
7,coastal@lumina.com
8,timber@verdant.com
10,stay@mossamber.verdanthearth.com
11,stay@therootedhaven.verdanthearth.com
12,stay@fernvalleyretreat.verdanthearth.com
13,stay@sylvanhearth.verdanthearth.com
14,stay@bloombark.verdanthearth.com
15,stay@theverdantgrove.verdanthearth.com
16,stay@emeraldglade.verdanthearth.com
17,stay@thecobaltforge.avenueiron.com
18,stay@urbananvil.avenueiron.com
19,stay@steelpulsesuites.avenueiron.com
20,stay@theironledger.avenueiron.com
21,stay@industrialgrace.avenueiron.com
22,stay@metropolitanfoundry.avenueiron.com
23,stay@thegeargavel.avenueiron.com
24,stay@rivetedmanor.avenueiron.com
25,stay@sapphiremist.azurehorizon.com
26,stay@tidalether.azurehorizon.com
27,stay@theceruleanedge.azurehorizon.com
28,stay@indigoskyline.azurehorizon.com
29,stay@azuredrift.azurehorizon.com
30,stay@oceanicpulse.azurehorizon.com
31,stay@thefloatinghorizon.azurehorizon.com
32,stay@ultramarinestay.azurehorizon.com
33,stay@kineticroam.veloinns.com
34,stay@thenomadpulse.veloinns.com
35,stay@velocitysuites.veloinns.com
36,stay@therollingspoke.veloinns.com
37,stay@momentumlodge.veloinns.com
38,stay@pathfinderinn.veloinns.com
39,stay@thewanderingwheel.veloinns.com
40,stay@circuithouse.veloinns.com
